,cluster_id,size,size_percentage,out_degree_mean,in_degree_mean,avg_trust_given_mean,avg_trust_received_mean,trust_ratio_mean,positive_trust_given_count_mean,negative_trust_given_count_mean,positive_trust_received_count_mean,negative_trust_received_count_mean,betweenness_centrality_mean,eigenvector_centrality_mean,trust_selectivity_mean
0,0,158,4.177683765203596,51.78481012658228,49.25316455696203,1.3967662423274119,1.754188774634594,0.9058467507767813,47.87341772151899,3.911392405063291,47.06962025316456,2.1835443037974684,0.006692959107146607,0.04912683856455444,7.581614057588447
1,1,3186,84.24114225277631,3.522284996861268,3.7718141870684243,1.1905346213006924,1.0592056436162998,0.853508065063192,3.433772755806654,0.08851224105461393,3.5338983050847457,0.2379158819836786,0.00019941430262503094,0.0014797593667839144,0.9458856294592675
2,2,15,0.39661554732945536,208.73333333333332,180.73333333333332,1.1314985538244144,2.1821236852046453,0.9533093119691121,183.33333333333334,25.4,174.26666666666668,6.466666666666667,0.048386365491246086,0.11412682254754067,10.361528928367568
3,3,322,8.514013749338973,2.698757763975155,2.686335403726708,5.946901640457542,3.4888700826433743,2.8659599333409536,2.686335403726708,0.012422360248447204,2.5559006211180124,0.13043478260869565,0.00022065873194038624,0.0028779358899956977,4.774004823159277
4,4,101,2.6705446853516657,7.732673267326732,8.01980198019802,-1.1074950314716587,-0.21351907439205028,-3.0664228725403992,5.247524752475248,2.485148514851485,5.108910891089109,2.910891089108911,0.0005117104238108295,-0.023570983569329275,35.520540497336384
